[{"MaHD":"N001","NgayTao":"1998-01-31","DShanghoa":[{"MaMH":"MH01","Gia":150,"SoLuong":70}],"ThanhTien":10500},{"MaHD":"N002","NgayTao":"2022-05-20","DShanghoa":[{"MaMH":"MH05","Gia":90,"SoLuong":89},{"MaMH":"MH01","Gia":90,"SoLuong":48},{"MaMH":"MH02","Gia":90,"SoLuong":48}],"ThanhTien":16650},{"MaHD":"N003","NgayTao":"2022-05-20","DShanghoa":[{"MaMH":"deleted","Gia":31,"SoLuong":312},{"MaMH":"MH02","Gia":312,"SoLuong":321}],"ThanhTien":109824},{"MaHD":"N004","NgayTao":"2022-05-20","DShanghoa":[{"MaMH":"MH01","Gia":100,"SoLuong":50},{"MaMH":"MH03","Gia":200,"SoLuong":30},{"MaMH":"MH02","Gia":99,"SoLuong":34}],"ThanhTien":14366},{"MaHD":"N006","NgayTao":"2022-05-19","DShanghoa":[{"MaMH":"deleted","Gia":10,"SoLuong":20},{"MaMH":"MH05","Gia":100,"SoLuong":100},{"MaMH":"MH05","Gia":0,"SoLuong":53}],"ThanhTien":10200},{"MaHD":"N007","NgayTao":"2022-05-25","DShanghoa":[{"MaMH":"MH05","Gia":20,"SoLuong":50}],"ThanhTien":1000}]