[{"MaHD":"X001","NgayXuat":"1998-01-31","DSBanHang":[{"MaMH":"MH01","Gia":100,"SoLuong":90},{"MaMH":"MH02","Gia":11,"SoLuong":60}],"ThanhTien":9660},{"MaHD":"X002","NgayXuat":"2022-05-25","DSBanHang":[{"MaMH":"MH02","Gia":10,"SoLuong":200},{"MaMH":"MH05","Gia":0,"SoLuong":39},{"MaMH":"MH03","Gia":300,"SoLuong":60}],"ThanhTien":20000},{"MaHD":"X003","NgayXuat":"2022-05-20","DSBanHang":[{"MaMH":"MH01","Gia":40,"SoLuong":20},{"MaMH":"MH02","Gia":100,"SoLuong":50},{"MaMH":"MH05","Gia":50,"SoLuong":75},{"MaMH":"MH03","Gia":33,"SoLuong":60}],"ThanhTien":11530},{"MaHD":"X004","NgayXuat":"2022-05-19","DSBanHang":[{"MaMH":"MH01","Gia":34,"SoLuong":48},{"MaMH":"MH03","Gia":111,"SoLuong":40}],"ThanhTien":6072},{"MaHD":"X006","NgayXuat":"2022-05-26","DSBanHang":[{"MaMH":"MH03","Gia":100,"SoLuong":20},{"MaMH":"MH05","Gia":200,"SoLuong":30}],"ThanhTien":8000}]