[{"MaHD":"N001","NgayNhap":"1998-01-31","DSNhapHang":[{"MaMH":"MH01","Gia":150,"SoLuong":70}],"ThanhTien":10500},{"MaHD":"N002","NgayNhap":"2022-05-20","DSNhapHang":[{"MaMH":"MH05","Gia":90,"SoLuong":89},{"MaMH":"MH01","Gia":90,"SoLuong":48},{"MaMH":"MH02","Gia":90,"SoLuong":48}],"ThanhTien":16650},{"MaHD":"N003","NgayNhap":"2022-05-20","DSNhapHang":[{"MaMH":"deleted","Gia":31,"SoLuong":312},{"MaMH":"MH02","Gia":312,"SoLuong":321}],"ThanhTien":109824},{"MaHD":"N004","NgayNhap":"2022-05-20","DSNhapHang":[{"MaMH":"MH01","Gia":100,"SoLuong":50},{"MaMH":"MH02","Gia":200,"SoLuong":30},{"MaMH":"MH02","Gia":99,"SoLuong":34}],"ThanhTien":14366},{"MaHD":"N006","NgayNhap":"2022-05-19","DSNhapHang":[{"MaMH":"deleted","Gia":10,"SoLuong":20},{"MaMH":"MH05","Gia":100,"SoLuong":10}],"ThanhTien":1200},{"MaHD":"N007","NgayNhap":"2022-05-25","DSNhapHang":[{"MaMH":"MH05","Gia":20,"SoLuong":50}],"ThanhTien":1000}]