[{"MaMatHang":"MH01","TenMatHang":"Sữa tươi","CongTySanXuat":"Vinamilk","LoaiHang":"Sữa","Gia":200,"NgaySanXuat":"2022-03-28","HanSuDung":"2022-06-23"},{"MaMatHang":"MH02","TenMatHang":"Bánh Choco","CongTySanXuat":"Orion","LoaiHang":"Bánh","Gia":400,"NgaySanXuat":"2022-04-22","HanSuDung":"2022-05-22"},{"MaMatHang":"MH03","TenMatHang":"Sữa tươi","CongTySanXuat":"Vinamilk","LoaiHang":"Sữa","Gia":250,"NgaySanXuat":"2022-04-15","HanSuDung":"2022-06-05"},{"MaMatHang":"MH05","TenMatHang":"Sữa Ông Thọ","CongTySanXuat":"VinaMik","LoaiHang":"Sữa","Gia":500,"NgaySanXuat":"2022-04-29","HanSuDung":"2022-05-05"}]